{"cameraMode":{"drawMode":0,"name":"Shaded","section":"Shading Mode"},"sceneLighting":false,"audioPlay":false,"sceneViewState":{"m_AlwaysRefresh":false,"showFog":true,"showSkybox":false,"showFlares":true,"showImageEffects":true,"showParticleSystems":true,"showVisualEffectGraphs":true,"m_FxEnabled":true},"in2DMode":false,"pivot":{"x":-4.920000076293945,"y":4.6100006103515629,"z":0.7999992370605469},"rotation":{"x":0.06692976504564285,"y":-0.8631369471549988,"z":0.48620855808258059,"w":0.11881572008132935},"size":50.249385833740237,"orthographic":false}