{"cameraMode":{"drawMode":0,"name":"Shaded","section":"Shading Mode"},"sceneLighting":false,"audioPlay":false,"sceneViewState":{"m_AlwaysRefresh":false,"showFog":true,"showSkybox":false,"showFlares":true,"showImageEffects":true,"showParticleSystems":true,"showVisualEffectGraphs":true,"m_FxEnabled":true},"in2DMode":false,"pivot":{"x":0.007271289825439453,"y":0.06120799854397774,"z":-0.09999847412109375},"rotation":{"x":-0.08436409384012222,"y":0.9002811908721924,"z":-0.20179346203804017,"w":-0.37638500332832339},"size":49.94914245605469,"orthographic":false}