{"cameraMode":{"drawMode":0,"name":"Shaded","section":"Shading Mode"},"sceneLighting":false,"audioPlay":false,"sceneViewState":{"m_AlwaysRefresh":false,"showFog":true,"showSkybox":false,"showFlares":true,"showImageEffects":true,"showParticleSystems":true,"showVisualEffectGraphs":true,"m_FxEnabled":true},"in2DMode":false,"pivot":{"x":0.007276058197021484,"y":0.06120799854397774,"z":-0.279998779296875},"rotation":{"x":0.4876592457294464,"y":0.49364224076271059,"z":-0.40368425846099856,"w":0.5962936282157898},"size":49.94914245605469,"orthographic":false}