{"cameraMode":{"drawMode":0,"name":"Shaded","section":"Shading Mode"},"sceneLighting":false,"audioPlay":false,"sceneViewState":{"m_AlwaysRefresh":false,"showFog":true,"showSkybox":false,"showFlares":true,"showImageEffects":true,"showParticleSystems":true,"showVisualEffectGraphs":true,"m_FxEnabled":true},"in2DMode":false,"pivot":{"x":-0.09957671165466309,"y":2.473491907119751,"z":0.6146469116210938},"rotation":{"x":0.11225758492946625,"y":-0.010138529352843762,"z":0.0011503648711368442,"w":0.9936321973800659},"size":7.316640377044678,"orthographic":false}