{"cameraMode":{"drawMode":0,"name":"Shaded","section":"Shading Mode"},"sceneLighting":false,"audioPlay":false,"sceneViewState":{"m_AlwaysRefresh":false,"showFog":true,"showSkybox":false,"showFlares":true,"showImageEffects":true,"showParticleSystems":true,"showVisualEffectGraphs":true,"m_FxEnabled":true},"in2DMode":false,"pivot":{"x":1.356627106666565,"y":2.1170132160186769,"z":0.4974554181098938},"rotation":{"x":-0.0009527162765152752,"y":-0.9919359683990479,"z":0.007439238019287586,"w":-0.12656427919864655},"size":0.025217607617378236,"orthographic":false}