{"cameraMode":{"drawMode":0,"name":"Shaded","section":"Shading Mode"},"sceneLighting":false,"audioPlay":false,"sceneViewState":{"m_AlwaysRefresh":false,"showFog":true,"showSkybox":false,"showFlares":true,"showImageEffects":true,"showParticleSystems":true,"showVisualEffectGraphs":true,"m_FxEnabled":true},"in2DMode":false,"pivot":{"x":-5.167040824890137,"y":4.384823322296143,"z":-39.720211029052737},"rotation":{"x":0.018098486587405206,"y":-0.6564832925796509,"z":0.015758629888296129,"w":0.7539588809013367},"size":5.707098960876465,"orthographic":false}