{"cameraMode":{"drawMode":0,"name":"Shaded","section":"Shading Mode"},"sceneLighting":false,"audioPlay":false,"sceneViewState":{"m_AlwaysRefresh":false,"showFog":true,"showSkybox":false,"showFlares":true,"showImageEffects":true,"showParticleSystems":true,"showVisualEffectGraphs":true,"m_FxEnabled":true},"in2DMode":false,"pivot":{"x":-0.015357911586761475,"y":6.308452129364014,"z":-4.854697227478027},"rotation":{"x":-0.26250186562538149,"y":0.23220111429691316,"z":-0.06523703783750534,"w":-0.9343039393424988},"size":1.7940922975540162,"orthographic":false}